{
	"version": 1,
	"changelists": [
		{
			"guid": "00000000000000000000000000000000",
			"description": "Default Uncontrolled Changelist",
			"files": [
				"/Users/Isabella/Downloads/Fall 2024/CS 415/InfiniteMatrixStarter/Content/InfiniteMatrix/Blueprints/BP_TunnelSpawner.uasset",
				"/Users/Isabella/Downloads/Fall 2024/CS 415/InfiniteMatrixStarter/Content/InfiniteMatrix/Blueprints/BP_Tunnel.uasset",
				"/Users/Isabella/Downloads/Fall 2024/CS 415/InfiniteMatrixStarter/Content/InfiniteMatrix/Blueprints/BP_Player.uasset",
				"/Users/Isabella/Downloads/Fall 2024/CS 415/InfiniteMatrixStarter/Content/InfiniteMatrix/UI/WBP_Restart.uasset",
				"/Users/Isabella/Downloads/Fall 2024/CS 415/InfiniteMatrixStarter/Content/InfiniteMatrix/Blueprints/Score.uasset",
				"/Users/Isabella/Downloads/Fall 2024/CS 415/InfiniteMatrixStarter/Content/InfiniteMatrix/Blueprints/Health.uasset",
				"/Users/Isabella/Downloads/Fall 2024/CS 415/InfiniteMatrixStarter/Content/InfiniteMatrix/Fonts/EuropeanTeletext.uasset",
				"/Users/Isabella/Downloads/Fall 2024/CS 415/InfiniteMatrixStarter/Content/InfiniteMatrix/Fonts/EuropeanTeletext_Font.uasset",
				"/Users/Isabella/Downloads/Fall 2024/CS 415/InfiniteMatrixStarter/Content/InfiniteMatrix/Blueprints/ScoreTitle.uasset",
				"/Users/Isabella/Downloads/Fall 2024/CS 415/InfiniteMatrixStarter/Content/InfiniteMatrix/Meshes/SM_Hole_01.uasset",
				"/Users/Isabella/Downloads/Fall 2024/CS 415/InfiniteMatrixStarter/Content/InfiniteMatrix/Meshes/SM_Hole_02.uasset",
				"/Users/Isabella/Downloads/Fall 2024/CS 415/InfiniteMatrixStarter/Content/InfiniteMatrix/Meshes/SM_Hole_03.uasset",
				"/Users/Isabella/Downloads/Fall 2024/CS 415/InfiniteMatrixStarter/Content/InfiniteMatrix/Meshes/SM_Hole_04.uasset",
				"/Users/Isabella/Downloads/Fall 2024/CS 415/InfiniteMatrixStarter/Content/InfiniteMatrix/Blueprints/HealthTitle.uasset",
				"/Users/Isabella/Downloads/Fall 2024/CS 415/InfiniteMatrixStarter/Content/InfiniteMatrix/Blueprints/BP_CameraShake.uasset",
				"/Users/Isabella/Downloads/Fall 2024/CS 415/InfiniteMatrixStarter/Content/InfiniteMatrix/Materials/lambert1.uasset",
				"/Users/Isabella/Downloads/Fall 2024/CS 415/InfiniteMatrixStarter/Content/InfiniteMatrix/Textures/lambert1_baseColor.uasset",
				"/Users/Isabella/Downloads/Fall 2024/CS 415/InfiniteMatrixStarter/Content/InfiniteMatrix/Textures/lambert1_normal.uasset",
				"/Users/Isabella/Downloads/Fall 2024/CS 415/InfiniteMatrixStarter/Content/InfiniteMatrix/Meshes/Health_Pack.uasset",
				"/Users/Isabella/Downloads/Fall 2024/CS 415/InfiniteMatrixStarter/Content/InfiniteMatrix/Blueprints/HealthPack.uasset",
				"/Users/Isabella/Downloads/Fall 2024/CS 415/InfiniteMatrixStarter/Content/InfiniteMatrix/Materials/MI_Health.uasset",
				"/Users/Isabella/Downloads/Fall 2024/CS 415/InfiniteMatrixStarter/Content/InfiniteMatrix/Blueprints/Projectile.uasset",
				"/Users/Isabella/Downloads/Fall 2024/CS 415/InfiniteMatrixStarter/Content/InfiniteMatrix/Materials/MI_Projectile.uasset",
				"/Users/Isabella/Downloads/Fall 2024/CS 415/InfiniteMatrixStarter/Content/InfiniteMatrix/Blueprints/Enemy.uasset",
				"/Users/Isabella/Downloads/Fall 2024/CS 415/InfiniteMatrixStarter/Content/InfiniteMatrix/Materials/MI_Enemy.uasset",
				"/Users/Isabella/Downloads/Fall 2024/CS 415/InfiniteMatrixStarter/Content/InfiniteMatrix/Blueprints/BP_ProjectileCameraShake.uasset"
			]
		}
	]
}